path,matched_place,distance_km_from_sholavaram,status,north_chennai_industrial_belt
/en/locations/hosur/,hosur,259.8,OUT_OF_RADIUS,no
/en/locations/kancheepuram/,kancheepuram,68.5,OUT_OF_RADIUS,no
/en/crane-insurance-oragadam/,oragadam,55.0,OUT_OF_RADIUS,no
/en/locations/oragadam-outskirts/,oragadam,55.0,OUT_OF_RADIUS,no
/en/locations/oragadam/,oragadam,55.0,OUT_OF_RADIUS,no
/en/machinery-breakdown-insurance-oragadam/,oragadam,55.0,OUT_OF_RADIUS,no
/en/contractor-insurance-maraimalai-nagar/,maraimalai-nagar,52.6,OUT_OF_RADIUS,no
/en/locations/maraimalai-nagar/,maraimalai-nagar,52.6,OUT_OF_RADIUS,no
/en/contractor-insurance-sriperumbudur/,sriperumbudur,39.1,IN_RADIUS_BUT_OUTSIDE_TARGET_BELT,no
/en/crane-insurance-sriperumbudur/,sriperumbudur,39.1,IN_RADIUS_BUT_OUTSIDE_TARGET_BELT,no
/en/locations/sriperumbudur-sipcot/,sriperumbudur,39.1,IN_RADIUS_BUT_OUTSIDE_TARGET_BELT,no
/en/locations/sriperumbudur/,sriperumbudur,39.1,IN_RADIUS_BUT_OUTSIDE_TARGET_BELT,no
/en/locations/sholinganallur/,sholinganallur,38.2,IN_RADIUS_BUT_OUTSIDE_TARGET_BELT,no
/en/professional-indemnity-do-insurance-sholinganallur/,sholinganallur,38.2,IN_RADIUS_BUT_OUTSIDE_TARGET_BELT,no
/en/bike-insurance-tambaram/,tambaram,35.8,IN_RADIUS_BUT_OUTSIDE_TARGET_BELT,no
/en/insurance-company-tambaram/,tambaram,35.8,IN_RADIUS_BUT_OUTSIDE_TARGET_BELT,no
/en/locations/tambaram/,tambaram,35.8,IN_RADIUS_BUT_OUTSIDE_TARGET_BELT,no
/en/locations/medavakkam/,medavakkam,35.5,IN_RADIUS_BUT_OUTSIDE_TARGET_BELT,no
/en/locations/chrompet/,chrompet,32.3,IN_RADIUS_BUT_OUTSIDE_TARGET_BELT,no
/en/locations/sidco-thirumudivakkam/,sidco,30.9,IN_RADIUS_BUT_OUTSIDE_TARGET_BELT,no
/en/car-insurance-velachery/,velachery,29.3,IN_RADIUS_BUT_OUTSIDE_TARGET_BELT,no
/en/insurance-company-velachery/,velachery,29.3,IN_RADIUS_BUT_OUTSIDE_TARGET_BELT,no
/en/locations/velachery/,velachery,29.3,IN_RADIUS_BUT_OUTSIDE_TARGET_BELT,no
/en/locations/adyar/,adyar,28.2,IN_RADIUS_BUT_OUTSIDE_TARGET_BELT,no
/en/locations/alandur-st-thomas-mount/,alandur-st-thomas-mount,26.7,IN_RADIUS_BUT_OUTSIDE_TARGET_BELT,no
/en/liability-insurance-guindy/,guindy,25.8,IN_RADIUS_BUT_OUTSIDE_TARGET_BELT,no
/en/locations/guindy/,guindy,25.8,IN_RADIUS_BUT_OUTSIDE_TARGET_BELT,no
/en/machinery-breakdown-insurance-guindy/,guindy,25.8,IN_RADIUS_BUT_OUTSIDE_TARGET_BELT,no
/en/office-insurance-guindy/,guindy,25.8,IN_RADIUS_BUT_OUTSIDE_TARGET_BELT,no
/en/locations/mylapore/,mylapore,25.5,IN_RADIUS_BUT_OUTSIDE_TARGET_BELT,no
/en/locations/kuthambakkam/,kuthambakkam,25.2,IN_RADIUS_BUT_OUTSIDE_TARGET_BELT,no
/en/locations/chembarambakkam/,chembarambakkam,24.9,IN_RADIUS_BUT_OUTSIDE_TARGET_BELT,no
/en/locations/ekkatuthangal/,ekkatuthangal,24.5,IN_RADIUS_BUT_OUTSIDE_TARGET_BELT,no
/en/locations/thirumazhisai/,thirumazhisai,23.4,IN_RADIUS_BUT_OUTSIDE_TARGET_BELT,no
/en/auto-rickshaw-insurance-porur/,porur,23.3,IN_RADIUS_BUT_OUTSIDE_TARGET_BELT,no
/en/locations/porur/,porur,23.3,IN_RADIUS_BUT_OUTSIDE_TARGET_BELT,no
/en/insurance-company-t-nagar/,t-nagar,23.0,IN_RADIUS_BUT_OUTSIDE_TARGET_BELT,no
/en/locations/t-nagar/,t-nagar,23.0,IN_RADIUS_BUT_OUTSIDE_TARGET_BELT,no
/en/locations/poonamallee-bypass/,poonamallee,22.1,IN_RADIUS_BUT_OUTSIDE_TARGET_BELT,no
/en/locations/poonamallee/,poonamallee,22.1,IN_RADIUS_BUT_OUTSIDE_TARGET_BELT,no
/en/tempo-insurance-poonamallee/,poonamallee,22.1,IN_RADIUS_BUT_OUTSIDE_TARGET_BELT,no
/en/locations/velappanchavadi/,velappanchavadi,21.8,IN_RADIUS_BUT_OUTSIDE_TARGET_BELT,no
/en/locations/nungambakkam/,nungambakkam,21.2,IN_RADIUS_BUT_OUTSIDE_TARGET_BELT,no
/en/locations/egmore/,egmore,21.0,IN_RADIUS_BUT_OUTSIDE_TARGET_BELT,no
/en/affordable-insurance-chennai/,chennai,20.6,IN_RADIUS_BUT_OUTSIDE_TARGET_BELT,no
/en/best-insurance-agent-chennai/,chennai,20.6,IN_RADIUS_BUT_OUTSIDE_TARGET_BELT,no
/en/best-insurance-company-chennai/,chennai,20.6,IN_RADIUS_BUT_OUTSIDE_TARGET_BELT,no
/en/cashless-health-insurance-chennai/,chennai,20.6,IN_RADIUS_BUT_OUTSIDE_TARGET_BELT,no
/en/catering-event-business-insurance-chennai/,chennai,20.6,IN_RADIUS_BUT_OUTSIDE_TARGET_BELT,no
/en/daycare-coaching-center-insurance-chennai/,chennai,20.6,IN_RADIUS_BUT_OUTSIDE_TARGET_BELT,no
/en/diagnostic-lab-pharmacy-insurance-chennai/,chennai,20.6,IN_RADIUS_BUT_OUTSIDE_TARGET_BELT,no
/en/doorstep-insurance-service-chennai/,chennai,20.6,IN_RADIUS_BUT_OUTSIDE_TARGET_BELT,no
/en/ecommerce-online-seller-insurance-chennai/,chennai,20.6,IN_RADIUS_BUT_OUTSIDE_TARGET_BELT,no
/en/export-import-business-insurance-chennai/,chennai,20.6,IN_RADIUS_BUT_OUTSIDE_TARGET_BELT,no
/en/freelancer-self-employed-insurance-chennai/,chennai,20.6,IN_RADIUS_BUT_OUTSIDE_TARGET_BELT,no
/en/home-business-insurance-chennai/,chennai,20.6,IN_RADIUS_BUT_OUTSIDE_TARGET_BELT,no
/en/hospital-clinic-insurance-chennai/,chennai,20.6,IN_RADIUS_BUT_OUTSIDE_TARGET_BELT,no
/en/hotel-restaurant-insurance-chennai/,chennai,20.6,IN_RADIUS_BUT_OUTSIDE_TARGET_BELT,no
/en/insurance-for-professionals-consultants-chennai/,chennai,20.6,IN_RADIUS_BUT_OUTSIDE_TARGET_BELT,no
/en/manufacturer-export-insurance-chennai/,chennai,20.6,IN_RADIUS_BUT_OUTSIDE_TARGET_BELT,no
/en/new-business-startup-insurance-chennai/,chennai,20.6,IN_RADIUS_BUT_OUTSIDE_TARGET_BELT,no
/en/school-trust-ngo-insurance-chennai/,chennai,20.6,IN_RADIUS_BUT_OUTSIDE_TARGET_BELT,no
/en/seasonal/best-group-health-insurance-sme-chennai/,chennai,20.6,IN_RADIUS_BUT_OUTSIDE_TARGET_BELT,no
/en/seasonal/last-minute-corporate-insurance-renewal-chennai/,chennai,20.6,IN_RADIUS_BUT_OUTSIDE_TARGET_BELT,no
/en/seasonal/monsoon-car-insurance-chennai/,chennai,20.6,IN_RADIUS_BUT_OUTSIDE_TARGET_BELT,no
/en/small-business-insurance-chennai/,chennai,20.6,IN_RADIUS_BUT_OUTSIDE_TARGET_BELT,no
/en/top-rated-insurance-chennai/,chennai,20.6,IN_RADIUS_BUT_OUTSIDE_TARGET_BELT,no
/en/trusted-insurance-services-chennai/,chennai,20.6,IN_RADIUS_BUT_OUTSIDE_TARGET_BELT,no
/en/wholesale-trader-retailer-insurance-chennai/,chennai,20.6,IN_RADIUS_BUT_OUTSIDE_TARGET_BELT,no
/en/locations/kilpauk/,kilpauk,19.1,IN_RADIUS_BUT_OUTSIDE_TARGET_BELT,no
/en/locations/koyambedu/,koyambedu,18.9,IN_RADIUS_BUT_OUTSIDE_TARGET_BELT,no
/en/insurance-company-anna-nagar/,anna-nagar,17.1,IN_RADIUS_BUT_OUTSIDE_TARGET_BELT,no
/en/locations/anna-nagar/,anna-nagar,17.1,IN_RADIUS_BUT_OUTSIDE_TARGET_BELT,no
/en/locations/mogappair-west/,mogappair,16.6,IN_RADIUS_BUT_OUTSIDE_TARGET_BELT,no
/en/locations/mogappair/,mogappair,16.6,IN_RADIUS_BUT_OUTSIDE_TARGET_BELT,no
/en/locations/thiruvallur-sipcot-outskirts/,thiruvallur,30.5,IN,yes
/en/locations/thiruvallur/,thiruvallur,30.5,IN,yes
/en/lorry-insurance-thiruvallur/,thiruvallur,30.5,IN,yes
/en/locations/veppampattu/,veppampattu,21.4,IN,yes
/en/locations/thiruninravur/,thiruninravur,20.4,IN,yes
/en/factory-insurance-gummidipoondi/,gummidipoondi,20.2,IN,yes
/en/locations/gummidipoondi/,gummidipoondi,20.2,IN,yes
/en/lorry-insurance-gummidipoondi/,gummidipoondi,20.2,IN,yes
/en/locations/pattabiram/,pattabiram,18.8,IN,yes
/en/locations/tondiarpet/,tondiarpet,17.6,IN,yes
/en/crane-insurance-ennore-port/,ennore-port,17.1,IN,yes
/en/import-export-cargo-insurance-ennore-port/,ennore-port,17.1,IN,yes
/en/marine-cargo-insurance-ennore-port/,ennore-port,17.1,IN,yes
/en/locations/periyapalayam/,periyapalayam,16.9,IN,yes
/en/locations/ennore/,ennore,16.3,IN,yes
/en/locations/tiruvottiyur/,tiruvottiyur,16.3,IN,yes
/en/marine-cargo-insurance-ennore/,ennore,16.3,IN,yes
/en/marine-cargo-insurance-tiruvottiyur/,tiruvottiyur,16.3,IN,yes
/en/locations/kodungaiyur/,kodungaiyur,15.4,IN,yes
/en/locations/erukkanchery/,erukkanchery,15.1,IN,yes
/en/locations/perambur/,perambur,15.1,IN,yes
/en/locations/villivakkam-industrial-areas/,villivakkam,14.9,IN,yes
/en/factory-fire-insurance-ambattur-industrial-estate/,ambattur,14.6,IN,yes
/en/locations/ambattur/,ambattur,14.6,IN,yes
/en/warehouse-insurance-ambattur/,ambattur,14.6,IN,yes
/en/locations/arani/,arani,14.4,IN,yes
/en/commercial-insurance-chennai-north/,chennai-north,13.0,IN,yes
/en/locations/chennai-north/,chennai-north,13.0,IN,yes
/en/locations/thirumullaivoyal/,thirumullaivoyal,13.0,IN,yes
/en/locations/kolathur-commercial-pockets/,kolathur,12.8,IN,yes
/en/locations/kolathur/,kolathur,12.8,IN,yes
/en/locations/retteri/,retteri,12.8,IN,yes
/en/contractor-insurance-manali/,manali,12.2,IN,yes
/en/crane-insurance-manali/,manali,12.2,IN,yes
/en/fleet-insurance-manali/,manali,12.2,IN,yes
/en/industrial-fire-insurance-manali-refinery-belt/,manali,12.2,IN,yes
/en/locations/manali-industrial-estate/,manali,12.2,IN,yes
/en/locations/manali-new-town/,manali,12.2,IN,yes
/en/locations/manali/,manali,12.2,IN,yes
/en/locations/nh-manali-road/,manali,12.2,IN,yes
/en/mining-heavy-industrial-insurance-manali/,manali,12.2,IN,yes
/en/warehouse-insurance-manali/,manali,12.2,IN,yes
/en/fire-burglary-insurance-madhavaram/,madhavaram,11.7,IN,yes
/en/locations/madhavaram-milk-colony/,madhavaram,11.7,IN,yes
/en/locations/madhavaram-truck-terminal/,madhavaram,11.7,IN,yes
/en/locations/madhavaram/,madhavaram,11.7,IN,yes
/en/warehouse-insurance-madhavaram/,madhavaram,11.7,IN,yes
/en/locations/kosapaur/,kosapaur,11.4,IN,yes
/en/locations/surapet/,surapet,11.2,IN,yes
/en/locations/minjur/,minjur,10.5,IN,yes
/en/locations/ponneri/,ponneri,10.3,IN,yes
/en/fleet-insurance-puzhal/,puzhal,9.7,IN,yes
/en/locations/puzhal/,puzhal,9.7,IN,yes
/en/locations/kavangarai/,kavangarai,9.0,IN,yes
/en/locations/budur/,budur,8.2,IN,yes
/en/contractor-insurance-red-hills/,red-hills,5.5,IN,yes
/en/crane-insurance-red-hills/,red-hills,5.5,IN,yes
/en/fire-burglary-insurance-red-hills/,red-hills,5.5,IN,yes
/en/fleet-insurance-red-hills/,red-hills,5.5,IN,yes
/en/locations/naravarikuppam/,naravarikuppam,5.5,IN,yes
/en/locations/red-hills/,red-hills,5.5,IN,yes
/en/lorry-insurance-red-hills/,red-hills,5.5,IN,yes
/en/crane-insurance-karanodai/,karanodai,4.8,IN,yes
/en/locations/karanodai/,karanodai,4.8,IN,yes
/en/contractor-insurance-sholavaram/,sholavaram,0.0,IN,yes
/en/crane-insurance-sholavaram/,sholavaram,0.0,IN,yes
/en/fire-burglary-insurance-sholavaram/,sholavaram,0.0,IN,yes
/en/fleet-insurance-sholavaram/,sholavaram,0.0,IN,yes
/en/irdai-licensed-agent-sholavaram/,sholavaram,0.0,IN,yes
/en/land-property-insurance-sholavaram/,sholavaram,0.0,IN,yes
/en/locations/sholavaram/,sholavaram,0.0,IN,yes
/en/lorry-insurance-sholavaram/,sholavaram,0.0,IN,yes
/en/plot-for-sale-sholavaram/,sholavaram,0.0,IN,yes
/ta/manai-vilpanaikku-sholavaram/,sholavaram,0.0,IN,yes
